1,system,2021-12-20 12:38:34.755000,system,2021-12-20 12:38:34.769000,test...1234
2,system,2021-12-20 12:38:41.460000,system,2021-12-20 12:38:41.472000,test...123
3,system,2021-12-20 12:38:44.182000,system,2021-12-20 12:38:44.192000,test...12
4,system,2021-12-20 12:38:47.686000,system,2021-12-20 12:38:47.699000,test...2
5,system,2021-12-20 12:38:50.863000,system,2021-12-20 12:38:50.875000,test...1
6,system,2021-12-23 05:01:19.988000,system,2021-12-23 05:01:20.110000,밴드1
7,system,2021-12-23 05:15:40.073000,system,2021-12-23 05:15:40.204000,밴드1
8,system,2021-12-23 05:57:32.822000,system,2021-12-23 05:57:32.993000,밴드1
9,system,2021-12-23 06:00:10.427000,system,2021-12-23 06:00:10.513000,밴드1
10,system,2021-12-23 06:31:55.903000,system,2021-12-23 06:31:56.025000,밴드1
11,system,2021-12-23 06:40:12.326000,system,2021-12-23 06:40:12.508000,밴드1
14,admin,2021-12-26 11:51:41.527000,admin,2021-12-26 11:51:41.637000,test...
15,admin,2021-12-26 11:57:43.237000,admin,2021-12-26 11:57:43.286000,test...
16,admin,2021-12-27 12:01:27.298000,admin,2021-12-27 12:01:27.352000,test...
17,admin,2021-12-27 12:33:34.363000,admin,2021-12-27 12:33:34.420000,test...
21,admin,2022-01-02 05:56:17.634000,admin,2022-01-02 05:56:17.758000,test...1
